"slug","type","h1","primary_keyword","status"
"technical-data/","technical","Technical Data","technical data","created"
"jindal-stainless-steel-sheets-chennai/","jindal","Jindal Make Stainless Steel Sheets in Chennai","jindal make stainless steel sheets in chennai","created"
"jindal-ss-304-sheet-chennai/","jindal","Jindal Make SS 304 Sheets in Chennai","jindal make ss 304 sheets in chennai","created"
"jindal-ss-316-sheet-chennai/","jindal","Jindal Make SS 316 Sheets in Chennai","jindal make ss 316 sheets in chennai","created"
"jindal-stainless-steel-plates-chennai/","jindal","Jindal Make Stainless Steel Plates in Chennai","jindal make stainless steel plates in chennai","created"
"jindal-stainless-steel-coils-chennai/","jindal","Jindal Make Stainless Steel Coils in Chennai","jindal make stainless steel coils in chennai","created"
"jindal-stainless-steel-pipes-chennai/","jindal","Jindal Make Stainless Steel Pipes in Chennai","jindal make stainless steel pipes in chennai","created"
"jindal-ss-304-pipes-chennai/","jindal","Jindal Make SS 304 Pipes in Chennai","jindal make ss 304 pipes in chennai","created"
"jindal-ss-316-pipes-chennai/","jindal","Jindal Make SS 316 Pipes in Chennai","jindal make ss 316 pipes in chennai","created"
"jindal-polished-pipes-chennai/","jindal","Jindal Make Polished Stainless Steel Pipes in Chennai","jindal make polished stainless steel pipes in chennai","created"
"jindal-stainless-steel-supplier-tamil-nadu/","jindal","Jindal Make Stainless Steel Supplier in Tamil Nadu","jindal make stainless steel supplier in tamil nadu","created"
"jindal-stainless-steel-sheet-pipe-enquiry-guide/","jindal","Jindal Stainless Steel Sheet and Pipe Enquiry Guide","jindal stainless steel sheet and pipe enquiry guide","created"
"jindal-ss-sheet-price-chennai/","jindal","Jindal SS Sheet Price Enquiry in Chennai","jindal ss sheet price enquiry in chennai","created"
"jindal-ss-304-sheet-price-chennai/","jindal","Jindal SS 304 Sheet Price Enquiry in Chennai","jindal ss 304 sheet price enquiry in chennai","created"
"jindal-ss-304-sheet-ambattur/","jindal","Jindal Make SS 304 Sheets in Ambattur","jindal make ss 304 sheets in ambattur","created"
"jindal-ss-304-sheet-guindy/","jindal","Jindal Make SS 304 Sheets in Guindy","jindal make ss 304 sheets in guindy","created"
"jindal-ss-304-sheet-parrys-chennai/","jindal","Jindal Make SS 304 Sheets in Parrys Chennai","jindal make ss 304 sheets in parrys chennai","created"
"jindal-stainless-steel-pipes-ambattur/","jindal","Jindal Make Stainless Steel Pipes in Ambattur","jindal make stainless steel pipes in ambattur","created"
"jindal-polished-pipes-tamil-nadu/","jindal","Jindal Make Polished Stainless Steel Pipes in Tamil Nadu","jindal make polished stainless steel pipes in tamil nadu","created"
"ss-304-sheet-price-chennai/","price-intent","SS 304 Sheet Price in Chennai","ss 304 sheet price in chennai","created"
"ss-316-sheet-price-chennai/","price-intent","SS 316 Sheet Price in Chennai","ss 316 sheet price in chennai","created"
"stainless-steel-pipe-price-chennai/","price-intent","Stainless Steel Pipe Price in Chennai","stainless steel pipe price in chennai","created"
"ss-304-pipe-price-chennai/","price-intent","SS 304 Pipe Price in Chennai","ss 304 pipe price in chennai","created"
"ss-202-sheet-price-chennai/","price-intent","SS 202 Sheet Price in Chennai","ss 202 sheet price in chennai","created"
"stainless-steel-rod-price-chennai/","price-intent","Stainless Steel Rod Price in Chennai","stainless steel rod price in chennai","created"
"polished-ss-pipe-price-chennai/","price-intent","Polished Stainless Steel Pipe Price in Chennai","polished stainless steel pipe price in chennai","created"
"stainless-steel-sheet-price-chennai/","price-intent","Stainless Steel Sheet Price in Chennai","stainless steel sheet price in chennai","created"
"stainless-steel-plate-price-chennai/","price-intent","Stainless Steel Plate Price in Chennai","stainless steel plate price in chennai","created"
"stainless-steel-coil-price-chennai/","price-intent","Stainless Steel Coil Price in Chennai","stainless steel coil price in chennai","created"
"x5crni18-10-stainless-steel-chennai/","technical","X5CrNi18-10 Stainless Steel in Chennai","x5crni18-10 stainless steel in chennai","created"
"en-1-4301-stainless-steel-chennai/","technical","EN 1.4301 / AISI 304 Stainless Steel Suppliers in Chennai","en 1.4301 / aisi 304 stainless steel suppliers in chennai","created"
"uns-s30400-stainless-steel-chennai/","technical","UNS S30400 Stainless Steel Suppliers in Chennai","uns s30400 stainless steel suppliers in chennai","created"
"en-1-4401-stainless-steel-chennai/","technical","EN 1.4401 / AISI 316 Stainless Steel Suppliers in Chennai","en 1.4401 / aisi 316 stainless steel suppliers in chennai","created"
"en-1-4404-stainless-steel-chennai/","technical","EN 1.4404 / AISI 316L Stainless Steel Suppliers in Chennai","en 1.4404 / aisi 316l stainless steel suppliers in chennai","created"
"uns-s31600-stainless-steel-chennai/","technical","UNS S31600 Stainless Steel Suppliers in Chennai","uns s31600 stainless steel suppliers in chennai","created"
"x2crni12-stainless-steel-chennai/","technical","X2CrNi12 Stainless Steel / 409 Stainless Steel Enquiry Page","x2crni12 stainless steel / 409 stainless steel enquiry page","created"
"ss-304-equivalent-grades/","technical","SS 304 Equivalent Grades and Standards","ss 304 equivalent grades and standards","created"
"ss-316-equivalent-grades/","technical","SS 316 Equivalent Grades and Standards","ss 316 equivalent grades and standards","created"
"ss-202-vs-ss-304/","technical","SS 202 vs SS 304 Stainless Steel","ss 202 vs ss 304 stainless steel","created"
"ss-304-vs-ss-316/","technical","SS 304 vs SS 316 Stainless Steel","ss 304 vs ss 316 stainless steel","created"
"astm-a240-stainless-steel-sheets-chennai/","technical","ASTM A240 Stainless Steel Sheets in Chennai","astm a240 stainless steel sheets in chennai","created"
"astm-a312-stainless-steel-pipes-chennai/","technical","ASTM A312 Stainless Steel Pipes in Chennai","astm a312 stainless steel pipes in chennai","created"
"astm-a213-stainless-steel-tubes-chennai/","technical","ASTM A213 Stainless Steel Tubes in Chennai","astm a213 stainless steel tubes in chennai","created"
"astm-a269-stainless-steel-tubes-chennai/","technical","ASTM A269 Stainless Steel Tubes in Chennai","astm a269 stainless steel tubes in chennai","created"
"stainless-steel-equivalent-grades/","technical","Stainless Steel Equivalent Grades and Standards","stainless steel equivalent grades and standards","created"
"ss-201/","additional-grade","SS 201 Stainless Steel Enquiry Page","ss 201 stainless steel enquiry page","created"
"ss-303/","additional-grade","SS 303 Stainless Steel Enquiry Page","ss 303 stainless steel enquiry page","created"
"ss-309/","additional-grade","SS 309 Stainless Steel Enquiry Page","ss 309 stainless steel enquiry page","created"
"ss-309s/","additional-grade","SS 309S Stainless Steel Enquiry Page","ss 309s stainless steel enquiry page","created"
"ss-310s/","additional-grade","SS 310S Stainless Steel Enquiry Page","ss 310s stainless steel enquiry page","created"
"ss-316ti/","additional-grade","SS 316Ti Stainless Steel Enquiry Page","ss 316ti stainless steel enquiry page","created"
"ss-317l/","additional-grade","SS 317L Stainless Steel Enquiry Page","ss 317l stainless steel enquiry page","created"
"ss-321/","additional-grade","SS 321 Stainless Steel Enquiry Page","ss 321 stainless steel enquiry page","created"
"ss-321h/","additional-grade","SS 321H Stainless Steel Enquiry Page","ss 321h stainless steel enquiry page","created"
"ss-347/","additional-grade","SS 347 Stainless Steel Enquiry Page","ss 347 stainless steel enquiry page","created"
"ss-347h/","additional-grade","SS 347H Stainless Steel Enquiry Page","ss 347h stainless steel enquiry page","created"
"ss-409/","additional-grade","SS 409 Stainless Steel Enquiry Page","ss 409 stainless steel enquiry page","created"
"ss-409m/","additional-grade","SS 409M Stainless Steel Enquiry Page","ss 409m stainless steel enquiry page","created"
"ss-446/","additional-grade","SS 446 Stainless Steel Enquiry Page","ss 446 stainless steel enquiry page","created"
"17-4ph-stainless-steel/","additional-grade","17-4PH Stainless Steel Enquiry Page","17-4ph stainless steel enquiry page","created"
"duplex-2205/","additional-grade","Duplex 2205 Stainless Steel Enquiry Page","duplex 2205 stainless steel enquiry page","created"
"super-duplex-2507/","additional-grade","Super Duplex 2507 Stainless Steel Enquiry Page","super duplex 2507 stainless steel enquiry page","created"
"2b-finish-stainless-steel-sheets-chennai/","finish-intent","2B Finish Stainless Steel Sheets in Chennai","2b finish stainless steel sheets in chennai","created"
"mirror-finish-stainless-steel-sheets-chennai/","finish-intent","Mirror Finish Stainless Steel Sheets in Chennai","mirror finish stainless steel sheets in chennai","created"
"hairline-finish-stainless-steel-sheets-chennai/","finish-intent","Hairline Finish Stainless Steel Sheets in Chennai","hairline finish stainless steel sheets in chennai","created"
"ba-finish-stainless-steel-sheets-chennai/","finish-intent","BA Finish Stainless Steel Sheets in Chennai","ba finish stainless steel sheets in chennai","created"
"pvc-coated-ss-sheets-chennai/","finish-intent","PVC Coated Stainless Steel Sheets in Chennai","pvc coated stainless steel sheets in chennai","created"
"decorative-stainless-steel-sheets-chennai/","finish-intent","Decorative Stainless Steel Sheets in Chennai","decorative stainless steel sheets in chennai","created"
"polished-stainless-steel-pipes-chennai/","finish-intent","Polished Stainless Steel Pipes in Chennai","polished stainless steel pipes in chennai","created"
"ss-railing-pipes-chennai/","finish-intent","Stainless Steel Railing Pipes in Chennai","stainless steel railing pipes in chennai","created"
"mirror-polished-ss-pipes-chennai/","finish-intent","Mirror Polished Stainless Steel Pipes in Chennai","mirror polished stainless steel pipes in chennai","created"
"hairline-stainless-steel-sheets-tamil-nadu/","finish-intent","Hairline Stainless Steel Sheets in Tamil Nadu","hairline stainless steel sheets in tamil nadu","created"
"stainless-steel-dealers-george-town-chennai/","micro-location","Stainless Steel Dealers in George Town Chennai","stainless steel dealers in george town chennai","created"
"stainless-steel-suppliers-mookernallamuthu-street/","micro-location","Stainless Steel Suppliers on Mookernallamuthu Street","stainless steel suppliers on mookernallamuthu street","created"
"stainless-steel-suppliers-ambattur-industrial-estate/","micro-location","Stainless Steel Suppliers in Ambattur Industrial Estate","stainless steel suppliers in ambattur industrial estate","created"
"stainless-steel-suppliers-guindy-industrial-estate/","micro-location","Stainless Steel Suppliers in Guindy Industrial Estate","stainless steel suppliers in guindy industrial estate","created"
"stainless-steel-suppliers-padi/","micro-location","Stainless Steel Suppliers in Padi","stainless steel suppliers in padi","created"
"stainless-steel-suppliers-mogappair/","micro-location","Stainless Steel Suppliers in Mogappair","stainless steel suppliers in mogappair","created"
"stainless-steel-suppliers-anna-nagar/","micro-location","Stainless Steel Suppliers in Anna Nagar","stainless steel suppliers in anna nagar","created"
"ss-304-sheets-chennai/","city-product-money","SS 304 Sheets in Chennai","ss 304 sheets in chennai","created"
"ss-316-sheets-chennai/","city-product-money","SS 316 Sheets in Chennai","ss 316 sheets in chennai","created"
"ss-304-sheets-parrys-chennai/","city-product-money","SS 304 Sheets in Parrys Chennai","ss 304 sheets in parrys chennai","created"
"ss-304-sheets-george-town-chennai/","city-product-money","SS 304 Sheets in George Town Chennai","ss 304 sheets in george town chennai","created"
"ss-304-sheets-ambattur/","city-product-money","SS 304 Sheets in Ambattur","ss 304 sheets in ambattur","created"
"ss-304-sheets-guindy/","city-product-money","SS 304 Sheets in Guindy","ss 304 sheets in guindy","created"
"ss-304-pipes-ambattur/","city-product-money","SS 304 Pipes in Ambattur","ss 304 pipes in ambattur","created"
"ss-316-pipes-sriperumbudur/","city-product-money","SS 316 Pipes in Sriperumbudur","ss 316 pipes in sriperumbudur","created"
"ss-304-pipes-oragadam/","city-product-money","SS 304 Pipes in Oragadam","ss 304 pipes in oragadam","created"
"ss-316-pipes-pondicherry/","city-product-money","SS 316 Pipes in Pondicherry","ss 316 pipes in pondicherry","created"
"ss-304-sheets-coimbatore/","city-product-money","SS 304 Sheets in Coimbatore","ss 304 sheets in coimbatore","created"
"ss-316-sheets-hosur/","city-product-money","SS 316 Sheets in Hosur","ss 316 sheets in hosur","created"
"ss-304-pipes-sricity/","city-product-money","SS 304 Pipes in Sricity","ss 304 pipes in sricity","created"
"ss-316-pipes-tada/","city-product-money","SS 316 Pipes in Tada","ss 316 pipes in tada","created"
"ss-304-sheets-renigunta/","city-product-money","SS 304 Sheets in Renigunta","ss 304 sheets in renigunta","created"
"ss-316-pipes-tirupati/","city-product-money","SS 316 Pipes in Tirupati","ss 316 pipes in tirupati","created"
"polished-ss-pipes-chennai/","city-product-money","Polished SS Pipes in Chennai","polished ss pipes in chennai","created"
"polished-ss-pipes-ambattur/","city-product-money","Polished SS Pipes in Ambattur","polished ss pipes in ambattur","created"
"ss-304-round-bars-chennai/","city-product-money","SS 304 Round Bars in Chennai","ss 304 round bars in chennai","created"
"ss-316-round-bars-chennai/","city-product-money","SS 316 Round Bars in Chennai","ss 316 round bars in chennai","created"
"ss-304-flat-bars-chennai/","city-product-money","SS 304 Flat Bars in Chennai","ss 304 flat bars in chennai","created"
"ss-304-angles-chennai/","city-product-money","SS 304 Angles in Chennai","ss 304 angles in chennai","created"
"ss-304-perforated-sheets-chennai/","city-product-money","SS 304 Perforated Sheets in Chennai","ss 304 perforated sheets in chennai","created"
"ss-wire-mesh-chennai/","city-product-money","SS Wire Mesh in Chennai","ss wire mesh in chennai","created"
"ss-304-coils-chennai/","city-product-money","SS 304 Coils in Chennai","ss 304 coils in chennai","created"
"jindal-ss-coils-chennai/","city-product-money","Jindal SS Coils in Chennai","jindal ss coils in chennai","created"
